position,wt_aa,mean_ddg,max_ddg,n_substitutions,is_hotspot
98,P,1.6566,2.9927,18,1
105,G,9.4047,28.6317,19,1
108,G,3.9118,7.2637,18,1
109,F,5.6295,9.9726,19,1
111,L,3.5088,5.485,18,1
113,F,4.094,6.8114,18,1
115,H,57.2368,57.5983,19,1
117,G,3.2529,6.5534,19,1
122,V,1.7567,6.1123,18,1
125,T,6.35,24.2239,18,1
126,Y,3.3956,5.2415,18,1
127,S,3.0507,10.1172,19,1
128,P,1.9146,2.3745,19,1
130,L,1.8496,3.3451,19,1
131,N,1.8281,4.5518,19,1
132,K,3.2602,10.771,18,1
133,M,3.2917,8.8355,19,1
134,F,3.9906,6.4048,18,1
135,C,3.1444,17.4856,18,1
136,Q,1.7029,4.8348,18,1
139,K,1.6942,5.8862,18,1
141,C,4.1702,25.1188,19,1
142,P,1.7384,3.0603,18,1
143,V,3.6051,9.1518,19,1
145,L,3.889,6.9218,19,1
147,V,1.8897,4.4876,18,1
151,P,4.2038,9.4501,18,1
152,P,1.8825,3.2093,19,1
154,G,4.5607,6.7785,18,1
155,T,4.7752,26.8048,19,1
157,V,4.1765,11.9404,19,1
158,R,4.0358,12.9387,19,1
159,A,4.4895,19.2783,19,1
160,M,3.3101,12.1113,18,1
161,A,2.5344,8.5061,19,1
162,I,3.3258,11.8009,19,1
163,Y,2.4307,6.9375,18,1
164,K,1.8141,8.9544,18,1
168,H,1.6592,6.4452,19,1
169,M,1.7714,4.4714,19,1
173,V,5.3086,20.2989,19,1
175,R,7.237,42.1526,19,1
176,C,11.0582,54.9471,19,1
177,P,2.259,2.8301,19,1
179,H,7.3843,12.9456,19,1
184,D,2.0293,5.7353,19,1
187,G,3.2485,6.2552,19,1
189,A,3.7327,16.6651,18,1
190,P,2.7377,3.8226,18,1
191,P,1.8768,2.6526,19,1
194,L,3.6409,8.5672,19,1
195,I,4.0447,9.3303,19,1
196,R,2.6607,4.7818,19,1
197,V,3.9049,14.2173,18,1
198,E,1.5953,2.7797,18,1
199,G,2.3346,6.4038,18,1
203,V,5.2071,23.3407,19,1
205,Y,3.7028,6.191,18,1
215,S,1.6252,4.9355,18,1
216,V,6.8029,20.9334,18,1
217,V,3.5609,7.5737,18,1
218,V,1.6172,4.482,18,1
219,P,2.0952,2.9346,18,1
220,Y,3.8092,12.4736,18,1
222,P,2.1202,2.8103,19,1
223,P,2.851,4.3376,18,1
226,G,3.5295,6.5589,19,1
232,I,2.4476,5.3682,18,1
234,Y,3.418,6.4509,18,1
236,Y,4.5161,7.1605,19,1
237,M,2.2954,4.2387,18,1
238,C,14.6421,44.7443,19,1
242,C,11.5583,32.5521,18,1
244,G,3.3919,6.321,18,1
245,G,12.5531,42.7556,19,1
246,M,3.9326,9.844,19,1
249,R,2.5481,5.847,18,1
250,P,1.8787,3.0915,18,1
251,I,4.8764,10.6178,19,1
252,L,1.8451,4.4344,18,1
253,T,3.3579,14.2821,19,1
254,I,4.3194,11.8172,19,1
255,I,4.1625,15.0766,19,1
257,L,4.2358,9.0266,19,1
258,E,2.0837,4.768,18,1
259,D,1.5025,3.4048,19,1
262,G,3.5883,6.704,18,1
265,L,1.8434,7.2946,19,1
266,G,14.69,31.441,18,1
267,R,1.8744,8.3299,19,1
268,N,1.5644,6.3543,19,1
270,F,4.6541,6.8145,18,1
272,V,5.3928,15.8113,18,1
274,V,5.7643,26.866,19,1
278,P,12.7725,41.2666,18,1
279,G,8.6169,17.2441,18,1
282,R,1.858,7.8878,18,1
283,R,1.6408,9.0817,19,1
