SUBSTITUTION,DDG,position
R175H,3.01,175
C242S,2.94,242
R248Q,1.94,248
R249S,1.95,249
R273H,0.35,273
E326A,1.6,326
F328A,7.2,328
F328L,3.5,328
T329A,3.6,329
L330F,5.2,330
Q331A,1.4,331
I332V,4.8,332
I332V,5.0,332
R333A,3.9,333
R335A,2.1,335
E336A,-3.0,336
R337A,9.3,337
F338A,7.2,338
E339A,1.8,339
M340A,6.4,340
M340I,-0.7,340
F341L,3.1,341
F341L,3.3,341
F341I,6.9,341
R342A,1.4,342
E343A,1.1,343
L344F,6.1,344
L344I,1.2,344
N345A,3.7,345
E346A,0.4,346
A347G,2.7,347
E349A,3.8,349
L350A,2.1,350
K351A,-2.5,351
D352A,2.2,352
